code,video,script,actions,length,category
c0,v008,,,,
c1,v016,,,,
c2,v023,,,,
c3,v025,,,,
c4,v026,,,,
c5,v030,,,,
c6,v001,,,,
c7,v006,,,,
c8,v012,,,,
c9,v016,,,,
c10,v018,,,,
c11,v018,,,,
c12,v026,,,,
c13,v030,,,,
c14,v032,,,,
c15,v008,,,,
c16,v014,,,,
c17,v016,,,,
c18,v023,,,,
c19,v024,,,,
c20,v008,,,,
c21,v012,,,,
c22,v016,,,,
c23,v023,,,,
c24,v025,,,,
c25,v001,,,,
c26,v008,,,,
c27,v012,,,,
c28,v016,,,,
c29,v019,,,,
c30,v023,,,,
c31,v025,,,,
c32,v031,,,,
c33,v008,,,,
c34,v016,,,,
c35,v023,,,,
c36,v025,,,,
c37,v026,,,,
c38,v030,,,,
c39,v001,,,,
c40,v008,,,,
c41,v012,,,,
c42,v016,,,,
c43,v023,,,,
c44,v023,,,,
c45,v025,,,,
c46,v001,,,,
c47,v008,,,,
c48,v012,,,,
c49,v016,,,,
c50,v023,,,,
c51,v031,,,,
c52,v014,,,,
c53,v008,,,,
c54,v016,,,,
c55,v003,,,,
c56,v023,,,,
c57,v028,,,,
c58,v025,,,,
c59,v018,,,,
c60,v022,,,,
c61,v008,,,,
c62,v016,,,,
c63,v023,,,,
c64,v025,,,,
c65,v005,,,,
c66,v011,,,,
c67,v008,,,,
c68,v016,,,,
c69,v023,,,,
c70,v008,,,,
c71,v016,,,,
c72,v021,,,,
c73,v023,,,,
c74,v025,,,,
c75,v026,,,,
c76,v008,,,,
c77,v016,,,,
c78,v021,,,,
c79,v023,,,,
c80,v025,,,,
c81,v016,,,,
c82,v026,,,,
c83,v023,,,,
c84,v008,,,,
c85,v009,,,,
c86,v016,,,,
c87,v013,,,,
c88,v031,,,,
c89,v001,,,,
c90,v012,,,,
c91,v030,,,,
c92,v031,,,,
c93,v008,,,,
c94,v019,,,,
c95,v030,,,,
c96,v031,,,,
c97,v029,,,,
c98,v008,,,,
c99,v016,,,,
c100,v023,,,,
c101,v025,,,,
c102,v026,,,,
c103,v006,,,,
c104,v027,,,,
c105,v027,,,,
c106,v004,,,,
c107,v008,,,,
c108,v015,,,,
c109,v016,,,,
c110,v023,,,,
c111,v030,,,,
c112,v001,,,,
c113,v012,,,,
c114,v026,,,,
c115,v008,,,,
c116,v016,,,,
c117,v023,,,,
c118,v008,,,,
c119,v016,,,,
c120,v023,,,,
c121,v030,,,,
c122,v010,,,,
c123,v018,,,,
c124,v010,,,,
c125,v018,,,,
c126,v025,,,,
c127,v026,,,,
c128,v008,,,,
c129,v005,,,,
c130,v016,,,,
c131,v009,,,,
c132,v031,,,,
c133,v000,,,,
c134,v010,,,,
c135,v018,,,,
c136,v006,,,,
c137,v008,,,,
c138,v023,,,,
c139,v030,,,,
c140,v006,,,,
c141,v007,,,,
c142,v001,,,,
c143,v012,,,,
c144,v006,,,,
c145,v032,,,,
c146,v000,,,,
c147,v002,,,,
c148,v003,,,,
c149,v009,,,,
c150,v017,,,,
c151,v018,,,,
c152,v019,,,,
c153,v020,,,,
c154,v022,,,,
c155,v028,,,,
c156,v005,,,,
